{
    "r2": 0.6022358055680539,
    "rmse": 0.5034276608096956
}